{"cameraMode":{"drawMode":0,"name":"Shaded","section":"Shading Mode"},"sceneLighting":false,"audioPlay":false,"sceneViewState":{"m_AlwaysRefresh":false,"showFog":true,"showSkybox":false,"showFlares":true,"showImageEffects":true,"showParticleSystems":true,"showVisualEffectGraphs":true,"m_FxEnabled":false},"in2DMode":false,"pivot":{"x":5.960464477539063e-8,"y":-0.060999929904937747,"z":-1.1920928955078126e-7},"rotation":{"x":0.031231394037604333,"y":-0.7189915180206299,"z":0.03237650915980339,"w":0.6935632824897766},"size":1.2990412712097169,"orthographic":true}