{"cameraMode":{"drawMode":0,"name":"Shaded","section":"Shading Mode"},"sceneLighting":false,"audioPlay":false,"sceneViewState":{"m_AlwaysRefresh":false,"showFog":true,"showSkybox":false,"showFlares":true,"showImageEffects":true,"showParticleSystems":true,"showVisualEffectGraphs":true,"m_FxEnabled":false},"in2DMode":false,"pivot":{"x":-1.6799999475479127,"y":15.480000495910645,"z":3.3400001525878908},"rotation":{"x":0.054103363305330279,"y":-0.729789674282074,"z":0.05813518539071083,"w":0.6790481805801392},"size":0.5196153521537781,"orthographic":false}