{"cameraMode":{"drawMode":0,"name":"Shaded","section":"Shading Mode"},"sceneLighting":false,"audioPlay":false,"sceneViewState":{"m_AlwaysRefresh":false,"showFog":true,"showSkybox":false,"showFlares":true,"showImageEffects":true,"showParticleSystems":true,"showVisualEffectGraphs":true,"m_FxEnabled":false},"in2DMode":false,"pivot":{"x":0.19429993629455567,"y":-1.346334670415672e-7,"z":3.1288537979125978},"rotation":{"x":0.0008316572057083249,"y":-0.9978407025337219,"z":0.06445012986660004,"w":0.012871281243860722},"size":1.2247449159622193,"orthographic":true}